{"cameraMode":{"drawMode":0,"name":"Shaded","section":"Shading Mode"},"sceneLighting":false,"audioPlay":false,"sceneViewState":{"showFog":true,"showMaterialUpdate":false,"showSkybox":true,"showFlares":true,"showImageEffects":true,"showParticleSystems":true},"in2DMode":false,"pivot":{"x":-5.960464477539063e-8,"y":0.869835615158081,"z":4.8915605545043949},"rotation":{"x":0.010426678694784642,"y":-0.9695001840591431,"z":-0.041898902505636218,"w":-0.2412574291229248},"size":18.204587936401368,"orthographic":false}