{"cameraMode":{"drawMode":0,"name":"Shaded","section":"Shading Mode"},"sceneLighting":false,"audioPlay":false,"sceneViewState":{"showFog":true,"showMaterialUpdate":false,"showSkybox":true,"showFlares":true,"showImageEffects":true,"showParticleSystems":true},"in2DMode":false,"pivot":{"x":2.540740489959717,"y":-0.3668549060821533,"z":-1.7296884059906006},"rotation":{"x":-0.1128179207444191,"y":-0.8618456125259399,"z":0.2194320410490036,"w":-0.44310715794563296},"size":4.868939399719238,"orthographic":false}