{"cameraMode":{"drawMode":0,"name":"Shaded","section":"Shading Mode"},"sceneLighting":false,"audioPlay":false,"sceneViewState":{"showFog":true,"showMaterialUpdate":false,"showSkybox":true,"showFlares":true,"showImageEffects":true,"showParticleSystems":true},"in2DMode":false,"pivot":{"x":892.392578125,"y":471.5022277832031,"z":0.198944091796875},"rotation":{"x":0.02992839738726616,"y":0.15739448368549348,"z":-0.004772370681166649,"w":0.9870706796646118},"size":185.74887084960938,"orthographic":false}